,runtime_sec,gradient_evals,final_loss
SGD,0.0005543231964111328,100.0,-1.1010830775595246
Momentum,0.0006589889526367188,100.0,-1.100474452810623
AdaGrad,0.0007164478302001953,100.0,7.676786579651328
Adam,0.0010976791381835938,100.0,-1.098099437732315
IDAM,0.0007457733154296875,100.0,-1.1010830775595246
